id_surat,no_agenda,no_surat,asal_surat,isi,kode,divisi,indeks,tgl_surat,tgl_diterima,file,keterangan,id_user
1,297,WR7799/43/53,University of International Business and Economics,"Sunt insatiabiles, quae non modo non repugnantibus, verum.",QVG-1241-H,TGW-4384,CWS-1442-TH,2025-01-09 13:26:47,2024-06-22 09:05:11,/odia/invidiae/despicationes/adversantur/nec.ps1xml,"Se isdem Euripidis fabulis delectari dicat, Latinas litteras oderit? Synephebos ego, inquit, potius Caecilii.",7
2,844,OL8716/08/28,Medical Academy in Lublin,"Cuius causa haec finxerat, assecutus est. Nam si omnes veri erunt, ut Epicuri ratio.",UTJ-1010-R,TGW-4384,GVC-3287-GB,2024-10-09 14:38:27,2024-09-10 09:12:36,/magna/afficitur/voluptate/potius.cfg,"Quorum nihil oportere exquisitis rationibus confirmare, tantum satis.",4
3,366,SE1258/63/03,Holy Names College,"Sed intus etiam in animis nostris inesse notionem, ut alterum.",QQA-0632-O,TPI-5271,QKL-6583-AR,2024-11-25 20:28:48,2024-03-28 11:18:34,/cum/sole.deb,"Sed cum ea, quae voluptaria.",10
4,783,AK3938/15/38,Universidad de Córdoba,"Accurate autem quondam a L. Torquato, homine omni doctrina erudito, defensa est.",KYY-2936-N,VSD-3182,QYR-7321-LE,2024-08-03 15:07:51,2024-10-16 12:00:20,/naturalem/omnium/ponderum/ut/explicabo.ps1,"Praeter sedulitatem probarent, omnes mihi Epicuri sententiae.",7
5,268,HE3063/20/06,Universitas Bojonegoro,Greges! Quod fit etiam nunc ab Epicureis. Sed ad haec.,OYN-0984-B,TPI-5271,IVT-8555-AU,2024-10-09 04:53:23,2024-06-26 21:23:07,/disputandum/putant/sed/quietae.css,"Ruinae: censet enim eadem illa atomorum, in quo a nobis explicatam esse his litteris.",3
6,534,WF8670/30/49,Armenian State Agrarian University,Omnium cupiditatum ardore restincto. Cupiditates enim sunt insatiabiles.,NNX-2384-S,TGW-4384,MHY-0034-WW,2024-02-18 15:09:31,2024-10-12 00:27:00,/lineam/numquam/fore/ut/hic/et.crt,Censes haec dicturum fuisse? Utrum igitur percurri omnem Epicuri.,1
7,415,RF9150/38/90,Katholieke Hogeschool Limburg,"Sin autem summa voluptas est, ut Epicuro placet, nihil dolere, primum tibi recte.",HSK-8656-X,TGW-4384,YBG-7885-MB,2024-02-12 09:50:02,2024-02-10 16:06:11,/appetendi/et/magna.pfx,"Alias, et quidem tibi et declinationem istam.",5
8,160,NG8689/82/00,Ouachita Baptist University,Degendae et rerum gerendarum. Sic e physicis et fortitudo.,IFF-6626-H,KYY-5395,LAL-4426-NA,2024-05-21 08:39:38,2024-12-30 21:28:45,/intercapedo/molestiae/igitur/neque/exhorrescere.db,"Libero tempore, cum soluta nobis est eligendi optio, cumque nihil impedit, quo minus omnes.",6
9,415,IG7224/31/41,Universidad Francisco de Paula Santander,Propter voluptatem et dolorem. Ad haec et quae.,QVB-7922-O,TPI-5271,VIT-8674-HV,2024-10-27 04:44:34,2024-12-18 08:38:01,/eram/nescius/brute/cum/quae/plus.psm1,"Constituamus aliquem magnis, multis, perpetuis fruentem et.",9
10,686,JI8003/31/53,Meijo University,"Labor in varias reprehensiones incurreret. Nam quibusdam, et.",BAN-0378-Y,TGW-4384,LQK-8398-SX,2024-02-10 01:49:11,2024-06-12 14:10:34,/vivendum/caritatem/praesertim/cum/vacare.wmv,"Rebus emolumenti, quae pariuntur iniuria. Itaque.",5
11,381,WE4219/78/50,Kanazawa University,Solum iactant nec tantum in.,UOO-7553-D,CAD-3764,YIC-2032-ZQ,2024-02-16 10:24:10,2024-12-22 04:51:54,/est/cur/illum.wav,"Petentium sine causa eripuit atomis nec tamen necessariae, tertium, quae.",7
12,207,CO4270/15/03,Collège Boréal,"Ibidem homo acutus, cum illud ocurreret, si omnia.",OLE-3058-X,VSD-3182,JAR-3961-MY,2024-06-26 17:45:35,2024-11-18 23:15:22,/itaque/non/ob/ea/solum/legere.dbx,"Epicurum. Nam si concederetur, etiamsi ad corpus referri, nec ob eam.",7
13,809,XP6492/67/25,Shih Chien University,"Evertunt, totam etiam labefactant saepe rem publicam. Ex cupiditatibus.",TDG-3754-G,TGW-4384,TDJ-3617-JW,2024-12-13 16:10:25,2024-08-07 06:27:29,/non/inutile/nosque/ea/in.p12,"Malit quam deserere ullam officii partem, ad ea, quae audiebamus, conferebamus, neque erat.",7
14,890,JZ4476/05/16,San Joaquin College of Law,Parabilis et terminatas habet; inanium autem cupiditatum nec modus ullus nec finis inveniri potest.,JGQ-1943-H,VSD-3182,NJX-1419-AE,2024-12-11 22:16:57,2024-05-21 13:45:28,/eisque/nostrum/iudicium/noster.accdb,"Haec, nisi molestum est, habeo quae velim. An me, inquam, nisi.",7
15,575,IF0112/11/76,The Government Sadiq College Women University Bahawalpur,Se aut pecuniae studuisse aut imperiis aut opibus aut gloriae. Nullas.,GII-4805-N,TGW-4384,YTP-6879-MU,2024-03-04 13:50:17,2024-09-08 18:22:48,/explicari/verum/enim/iucunditatis.odg,"Appellat, id est voluptatem. Homines optimi non.",10
16,727,ZT0493/55/61,Union College,Quae essent et naturales et.,YPF-9429-D,TPI-5271,MDE-5188-SK,2024-12-13 11:11:31,2024-02-15 18:58:53,/voluptas/esset/bonum/sit.css,Ducem praebeat ad voluptatem. Sapientia.,1
17,387,FX2504/55/44,Philadelphia University,"Possimus, molestia liberemus. Ut enim ad minim.",BMC-7907-Q,VSD-3182,ABI-0124-WG,2024-09-02 10:43:37,2024-02-09 03:52:45,/ad/minuendas/cadere.key,Multos alios in primisque familiarem nostrum Posidonium. Quid? Theophrastus mediocriterne.,9
18,369,IR0224/51/19,Lupane State University,Constantia contra metum religionis et sedatio animi omnium rerum occultarum ignoratione sublata et moderatio.,QTW-9128-T,CAD-3764,EVE-1956-PG,2025-01-09 12:05:41,2024-07-12 09:55:04,/esse/contenta/posset/nec/mihi.asp,"Minime esse deterritum. Quae cum dixissem, magis ut.",8
19,528,OP2856/38/31,Universidade Federal do Vale do São Francisco,"Enim sentit, quem ad modum eae semper voluptatibus inhaererent.",MSQ-1213-C,KYY-5395,NFM-3780-IE,2024-09-22 01:43:04,2024-12-10 20:44:36,/et/nostrum/filio.cfg,Dicta sint neque sint conversa de Graecis? Nam si.,7
20,328,QX1065/94/50,Lithunian Institute of Physical Education,"Has res esse tractatas, ne ipsos quidem Graecos est cur verear, ne.",AJL-4629-J,KYY-5395,GFY-4191-RT,2024-04-03 06:14:18,2024-08-28 11:07:26,/tum/iracundiae/quisquam.png,"Diceret? Aliena dixit in physicis nec ea ipsa, quae ab illo inventore.",8
21,114,FM0245/87/56,State University of New York at Oswego,Quae pariuntur iniuria. Itaque ne iustitiam quidem recte quis dixerit per se.,KSD-9461-F,CAD-3764,RLY-0897-FJ,2024-05-20 00:13:55,2024-07-14 07:26:42,/susceperant/ecce/autem/alii/theophrastus.cue,"Meminit et praesentibus ita potitur, ut animadvertat quanta sint.",4
22,789,FF5830/89/84,Jawaharlal Nehru Technological University,"Facilius id, quod sentiant non esse faciendum, ii voluptatem maximam adipiscuntur praetermittenda.",IFU-4612-E,CAD-3764,XQB-8711-CC,2024-11-09 04:15:04,2024-08-26 18:07:36,/quidem/enim.7z,Istius philosophi non offendit; nam et laetamur amicorum laetitia aeque atque.,9
23,401,OR1148/56/69,Shahrood University of Medical Sciences,"Paranda nobis solum ea, sed fruenda etiam sapientia est; sive hoc.",SML-9310-M,TPI-5271,JMH-2074-WC,2024-10-30 19:16:14,2025-01-29 01:15:42,/non/victi.xml,"Comparandae voluptatis -- Quam autem ego dicam voluptatem, iam videtis, ne invidia.",6
24,396,RE6372/51/26,University of Mostar,"Maxime, quod ipsa natura divitias, quibus contenta.",CQH-5678-S,KYY-5395,INF-5393-RM,2024-10-16 04:41:53,2024-06-30 05:46:21,/in/hae/esse/aliter.csr,"Exquisitaque doctrina philosophi Graeco sermone tractavissent, ea Latinis litteris.",5
25,174,UG8912/30/51,Universidad de Alcalá de Henares,"Leniter arridens: Tu quidem, inquit, totum Epicurum paene e philosophorum choro sustulisti. Quid ei.",CCE-1720-E,TGW-4384,XQV-3855-DU,2024-05-20 12:37:19,2024-12-06 19:03:02,/dediti/alii/petulantes/alii/qua.mds,"Reperiri. Quapropter si ea, quae hoc non minus declarant, sed videntur leviora, veniamus.",10
26,998,SH4684/81/87,"California State University, Channel Islands","Rerum bonarum et malarum maxime hominum vita vexetur, ob eumque errorem et voluptatibus.",MIP-5510-N,KYY-5395,ZJA-7698-QG,2024-03-27 19:16:11,2024-12-03 09:14:35,/turbulenta/concursio/hunc/enim.ps1xml,"Quamque iucunda, neque pendet ex futuris.",10
27,648,WZ3169/25/86,Hadhramout University of Science and Technology ,Est voluptatem et dolorem. Ad haec et quae vel aliter.,NNR-3520-D,TGW-4384,HOF-8228-UA,2024-03-23 19:22:25,2024-03-07 22:02:52,/si/afferat/sensibus.img,"Quam deserere ullam officii partem, ad ea, quae sint coniuncta explicabo brevi.",5
28,927,AH3827/23/92,Universidad la Concordia,Tam egregios viros censes tantas.,DZE-7574-J,VSD-3182,UYU-8906-IV,2024-09-30 23:40:20,2024-06-25 23:21:52,/iis/existimare/qui/legerint/in.xlsx,"Iudicium et nostrum scribendi ordinem adiungimus, quid habent, cur Graeca anteponant iis.",3
29,41,YF4763/10/62,Universidad Domingo Savio,Amicitia quasi claudicare videatur. Itaque primos congressus copulationesque et consuetudinum.,AMY-9062-Z,VSD-3182,AXQ-5487-IM,2024-07-03 04:49:49,2024-07-04 21:53:48,/nisi/non.pdf,Sit. Erit enim iam de omnium.,4
30,287,NB7104/36/83,"Philosophisch-Theologisches Studium Erfurt, Staatlich anerkannte Wissenschaftliche Hochschule","Ut sine cura metuque vivamus animumque et corpus, quantum efficere possimus.",DLS-6403-S,TGW-4384,OZZ-5590-WH,2025-01-03 20:36:51,2024-12-25 05:52:49,/neque/tibi.rpm,Isdem rebus ne Graecos quidem legendos putent. Res.,3
31,646,DI6049/56/12,International University of Japan,"Sit, ut tollatur error omnis imperitorum intellegaturque ea, quae sensum.",RRO-5547-G,TGW-4384,VOV-1975-TG,2025-01-03 04:17:25,2024-06-11 06:28:29,/nihil/nam.wmv,"Quaeritur, sit pulcherrimum. Etenim si loca, si fana, si urbes, si.",4
32,165,QI9662/98/86,Universidad Autonoma  de Durango,Sed tantum studium tamque multam operam ponendam.,SFL-3181-A,CAD-3764,ZDK-7274-ZZ,2024-07-26 21:03:06,2024-12-28 08:57:27,/poetis/evolvendis/ut/dolorem.exe,Et percipi. Quos qui tollunt et nihil posse percipi dicunt.,3
33,481,GX8530/07/56,De La Salle University,"Dolore caret, id in hominum consuetudine facilius fieri.",UIT-9739-Z,TGW-4384,NVG-3560-TF,2025-01-20 03:34:10,2024-05-08 20:10:51,/haeret/et.bash,Se indicaverunt. Quodsi qui satis sibi contra hominum.,3
34,994,QR9090/74/92,Rajiv Gandhi University,"Num desistunt de isdem, de.",RTB-8788-X,CAD-3764,QMS-8833-WP,2024-04-06 04:12:01,2024-05-12 19:26:36,/amicitiam/tueri/nisi/aeque/amicos/latinis.mp3,"Quid ex eo credo quibusdam usu venire; ut abhorreant a Latinis, quod.",7
35,19,RI8218/26/95,Universiti Malaysia Sabah,"Videtur quibusdam stabilitas amicitiae vacillare, tuentur tamen.",RZG-4631-L,VSD-3182,KSN-9096-CN,2024-07-28 18:32:52,2024-06-30 13:14:54,/fugienda/est/summum/profecto/malum/involuta.cmd,"Sive aliae declinabunt, aliae suo nutu.",2
36,405,GM3682/76/27,Punjab Agricultural University,"Esse, ut eius magnitudinem celeritas, diuturnitatem allevatio.",JKP-5396-W,TGW-4384,GZY-6563-UO,2024-09-21 08:20:30,2024-02-10 14:16:51,/nostrum/scribendi/ordinem/disserendi.aspx,"Altera philosophiae parte. Quae est quaerendi ac disserendi, quae logikh.",1
37,685,LM1566/20/81,Université de Nantes,Nec ad commodius disserendum viam. In physicis plurimum posuit. Ea scientia et verborum vis.,NKT-0029-X,TGW-4384,XAG-7161-FP,2024-04-07 13:04:05,2024-08-18 12:35:57,/faciendum/ii/voluptatem/maximam/id.jsp,"Sicut nostrum Triarium, minus ab eo nos abducat? Sin laboramus.",7
38,563,MV3968/00/20,Fachhochschule Burgenland,"Etiam oportet in eo, qui ita sit affectus, et firmitatem animi nec mortem nec.",CIC-5100-J,TGW-4384,CXX-3125-MQ,2024-04-25 14:22:57,2024-12-11 22:00:37,/praeterea/viam.mkv,"Dolor sit, amet, consectetur, adipisci velit.",2
39,758,RG2670/46/55,"University of Wales Institute, Cardiff","Rectas res atque laudabilis eo referri, ut.",MCY-3399-B,TPI-5271,CEX-5242-RU,2024-04-02 09:43:43,2024-11-02 19:32:08,/molestiae/igitur/neque/stultorum/et.ods,"Semper afficit cum vi sua atque natura, quod.",8
40,799,DQ3934/97/76,Sonoda Women's University,"Admirer, cur in gravissimis rebus non delectet eos.",BKE-5326-C,TGW-4384,DDY-6550-XG,2024-03-03 01:43:53,2024-05-18 20:30:27,/fingi/potest/habendus.bmp,"Consectetur adipiscing elit, sed do eiusmod tempor incididunt ut labore et dolore.",10
41,711,AD2642/98/92,"American University Extension, Okinawa","Videtur. Ac fieri potest, ut propemodum iustioribus.",QRU-0847-Y,TPI-5271,GLE-5036-XX,2024-05-21 10:11:51,2024-07-16 17:05:12,/arbitrarer/plura/suscepi/veritus/ne/ea.mdb,"Nec praeteritas voluptates effluere patiatur earumque assidua recordatione laetetur, quid est, cur nostri.",7
42,69,CM6866/26/08,Georgian Technical University,"Incorruptis atque integris testibus, si infantes pueri, mutae etiam bestiae paene loquuntur.",JPF-5050-K,TPI-5271,HDY-4949-JZ,2024-02-27 04:22:04,2024-09-08 12:24:09,/qui/haec/subtilius/velint/tradere/tibi.pssc,"Et carum esse iucundum est propterea, quia tutiorem vitam et voluptatem.",8
43,741,NC7088/15/00,New York Institute of Technology,"Aliae quoque causae, sed multitudinem haec maxime allicit, quod.",VMW-2626-D,VSD-3182,RKZ-3541-IH,2024-04-28 01:31:59,2024-02-13 02:57:39,/verear/ne/ad/eam/corporis.sql,"Faciant, incidant in maiorem. Ex quo intellegitur nec intemperantiam propter.",10
44,982,CF0984/41/15,Universiti Teknologi Mara,"Caritatem, praesertim cum omnino nulla sit.",NTU-6248-G,TPI-5271,ZPZ-7546-LP,2024-12-31 12:35:46,2024-12-06 01:04:18,/est/una/quae/maestitiam/architecto.sh,"Sint, feramus, si minus, animo aequo e vita, cum ea non.",9
45,180,NC1326/14/74,Universidad del Quindío,"Conferebamus, neque erat umquam controversia, quid ego intellegerem, sed quid probarem. Quid igitur est?",RBR-6613-W,TPI-5271,YTA-6599-NU,2024-05-23 00:00:25,2024-04-06 14:44:43,/clariora/sunt/si/sensum.mshxml,"Nominis capti quid natura postulet non intellegunt, errore maximo, si Epicurum audire voluerint, liberabuntur.",9
46,266,FB7875/46/48,Otterbein College,Certae stabilique sententiae quae sint coniuncta.,KQW-8453-O,KYY-5395,KTV-7290-YB,2024-12-25 14:48:38,2024-02-08 22:41:44,/esset/non.jsp,"Rebus alia ratione compositis, quid est, cur nostri a nostris.",5
47,85,DT8782/09/05,International Institute for Geo - Information Science and Earth Observation,"Etiam magis, quorum ille iudicium reformidans Tarentinis ait se et alliciat suapte natura.",LER-1514-Z,CAD-3764,VNJ-5939-YS,2024-02-10 12:18:40,2024-09-28 03:36:17,/defensa/et/collaudata/est/cum/meis.doc,"Est tam invidus, qui ab eo dissentiunt, sed.",6
48,705,EX1683/17/22,Shandong Agricultural University,"Omnis chorusque: 'chaere, Tite!' hinc hostis mi Albucius, hinc inimicus. Sed iure.",UIA-8156-G,CAD-3764,JUM-0633-RB,2024-08-17 19:20:55,2024-08-23 02:42:37,/ut/necessariae/nec/in.zip,Inertissimae segnitiae est aut in armatum hostem impetum.,6
49,948,HF0328/49/75,St. Clair College,"Eadem de amicitia disputatum. Alii cum eas voluptates, quae ad amicos pertinerent, negarent esse.",RBD-1666-F,TGW-4384,PQE-2612-QS,2025-01-13 07:38:43,2024-12-29 01:39:42,/certamen/est/tuo/vero/id/quibus.jks,Voluptates expetendam et dolorem ipsum per se esse.,2
50,736,NA5592/61/51,Fine Arts Academy in Katowice,"Ita videri necesse est, non expeteretur.",BSB-0434-N,KYY-5395,EAE-2895-CX,2025-01-15 23:27:52,2024-05-26 02:32:45,/intellegunt/errore/laborum.vcd,"Nomine, virtutem autem nixam hoc honesto nullam requirere voluptatem atque ad beate.",2
51,66,YU1023/50/28,Oakland City University,Ut concursionibus inter se cohaerescant.,FDT-1912-W,KYY-5395,MXC-0213-WH,2024-11-23 22:44:06,2024-06-10 13:04:31,/se/nobis/ducem/etenim.ogg,Ad respondendum reddidisti. Quorum facta quem ad modum temeritas et libido.,9
52,693,YL7250/62/81,Nagoya Women's University,"Voluptate victi faciant id, quod propositum est, summum bonum diceret.",TUN-1115-V,VSD-3182,KKB-7363-KQ,2024-04-29 07:43:41,2024-12-13 21:10:44,/esse/quarum.json,Et errore naturae finibus contentus sine aegritudine possit et sine metu vivere.,4
53,199,LC8307/08/88,University of Education,Omnis rectas res atque laudabilis eo referri.,VDL-8654-L,CAD-3764,RUM-8697-WW,2024-03-18 05:15:00,2024-07-09 17:01:40,/dolor/sit/expectat.xml,"Posse, quam ex hoc facillime perspici potest: Constituamus aliquem magnis, multis, perpetuis fruentem et.",1
54,171,UM2532/25/45,Tashkent Pharmaceutical Institute,"Sensu iudicari, sed animo etiam ac ratione intellegi posse et voluptatem.",XPF-0770-G,TPI-5271,GDL-2502-LU,2024-02-10 00:34:00,2024-08-29 16:40:32,/vestrae/voluptas.keystore,"Perpetiuntur, ne, si id non faciant, incidant in maiorem. Ex quo vitam amarissimam.",10
55,937,SW7581/94/76,"Warburg Institute, University of London","In alios caeco impetu incurrunt, sed intus etiam in animis inclusae inter se.",FPB-7056-M,KYY-5395,FCC-9849-MX,2024-05-27 19:50:22,2024-05-18 03:35:03,/nullo/modo/poterimus/sensuum/non.ods,"Eos, quos nominavi, cum Attico nostro frequenter audivi, cum.",7
56,725,WL4184/85/07,International Colleges of Islamic Science,Quibus partis confirmatur animus et a falsis initiis profecta vera esse non possunt.,YBV-5322-P,TGW-4384,KTN-0195-DI,2025-01-10 20:11:01,2024-11-15 10:40:24,/dolorum/effugiendorum/gratia/sed/sapientiam.apk,"Explicatam esse his litteris arbitramur, in quibus, quantum.",8
57,603,TA0318/89/73,Panteios University of Economics and Political Sciences Athens,Ipsius et ratione administrari neque maiorem.,GHW-1760-W,KYY-5395,AEX-6957-QC,2025-01-09 21:21:33,2024-06-12 20:56:40,/et/caritatem/quae/efficiantur.csr,"Declinabunt, aliae suo nutu recte ferentur, primum erit hoc quasi.",2
58,308,SP0789/12/79,Angeles University,"Multi etiam, ut te consule, ipsi se indicaverunt. Quodsi qui satis.",ERS-8062-Q,TGW-4384,QWH-0812-LP,2024-02-20 10:19:23,2024-05-11 14:31:47,/placatae/tranquillae/quietae/beatae/vitae/epicurei.psc1,"Malorum memoria torquentur, sapientes bona praeterita grata.",4
59,936,KI2154/50/67,Senzoku Gakuen College,"Probatus videretur et iis, quos.",WLL-8726-B,TPI-5271,JLE-9664-QZ,2024-11-13 04:06:03,2025-01-26 00:39:29,/esse/albam/dulce/mel/fuisse.xml,Necesse est! Animi autem voluptates et dolores animi quam corporis. Nam.,3
60,701,TL6846/70/79,University of Pecs,"Plato, in musicis, geometria, numeris, astris contereret, quae et splendide dicta sint neque sint.",YHR-2636-D,TGW-4384,XJV-0097-QD,2024-04-14 04:31:32,2024-09-30 13:57:05,/linguam/non/scripta.json,"Quod vero securi percussit filium, privavisse se etiam videtur multis voluptatibus.",6
61,727,GM3267/19/17,Universidade Catolica Portuguesa,"Saepe formidines. Denique etiam morati melius erimus, cum didicerimus.",TJT-6079-E,VSD-3182,OAF-9913-JC,2024-11-01 13:39:18,2024-09-17 16:24:30,/quo/sint/omnia/laboris.bmp,"Si ob aliquam causam ista, quae sine.",2
62,282,AP0746/33/20,National Dong Hwa University,Itaque primos congressus copulationesque et consuetudinum instituendarum voluntates fieri propter voluptatem; quod.,WHA-4557-R,VSD-3182,UKN-9892-TV,2024-07-30 11:12:04,2024-09-09 09:44:48,/quales/eius/maiores/a.js,Redeamus; de hominibus dici non necesse est. Tribus igitur modis video.,5
63,585,JN7496/90/09,University of the Southern Caribbean,"Ex cupiditatibus odia, discidia, discordiae, seditiones, bella nascuntur, nec eae.",PSJ-4912-E,VSD-3182,XZU-1268-ZT,2025-01-05 04:25:12,2024-05-06 12:56:02,/atomis/nec/tamen/corrigere.asp,"Si vero molita quippiam est, quamvis occulte fecerit, numquam tamen.",1
64,377,UM0048/26/83,Universidad de Tarapacá,"Et accusamus et iusto odio dignissimos ducimus, qui blanditiis praesentium.",XMQ-0442-G,TPI-5271,EUT-3509-CF,2024-03-09 22:57:01,2024-02-20 20:34:53,/neque/stultorum/soleat.jks,"Qui studiose antiqua persequeris, claris et fortibus viris commemorandis eorumque factis non emolumento aliquo.",10
65,493,LF2636/80/33,Samara State Aerospace University,"Iustitia restat, ut de utilitatibus.",LQM-6346-R,TGW-4384,THI-7682-LI,2024-07-28 00:27:21,2024-04-10 01:14:47,/facere/qui/plura.mshxml,Ut nulli propter eas consequantur.,8
66,512,ZD4591/86/95,Maharishi University of Management,"Oratione victi sententia desistemus. Nisi autem rerum natura cognita levamur superstitione, liberamur.",PAX-8895-O,VSD-3182,VHB-1661-IR,2024-08-18 04:07:28,2024-03-13 03:04:42,/quid/tanta/inventore.pptx,Hoc tempus numquam est aut fingi potest?,4
67,159,JL2243/28/77,Izmir Institute of Technology,"Temperantiam postulant in eo, quod sit a dolore corporis praesenti futurove seiunctum.",ZAV-9161-I,TGW-4384,QDS-5675-KW,2024-08-05 03:33:42,2024-08-19 00:51:37,/nominata/est/voluptas/litteris.priv,"Plerique autem, quod tenere atque servare id, quod maxime placeat, facere possimus.",6
68,415,OI3061/70/33,Anglia Ruskin University,Satis esse admonere. Interesse enim inter argumentum conclusionemque rationis.,EEH-6275-V,VSD-3182,PJU-5544-OH,2024-05-24 08:16:39,2024-04-19 18:55:08,/in/philosophia/tum/id/quod/provident.xls,Fieri minus; ita effici complexiones et copulationes et.,2
69,980,XR0916/20/09,Private Fachhochschule für Wirtschaft und Technik Vechta/Diepholz,Et gravissimas res consilio ipsius et ratione administrari neque maiorem voluptatem ex infinito tempore.,SKX-4409-T,TGW-4384,TTS-9147-EP,2024-05-25 17:40:42,2024-06-01 23:33:11,/cum/stultorum/vitam/cum/sua/tua.rtf,"Et dolorem ipsum per se ipsam optabilem, sed.",1
70,801,UM8367/07/02,Touro University,"Sit, amet, consectetur, adipisci velit, sed quia maiores consequatur. Eadem fortitudinis ratio reperietur.",AJB-4448-R,CAD-3764,KKK-8972-BH,2024-06-18 14:19:06,2025-01-02 06:36:55,/causa/exquisitaque.yml,"Verum etiam summam voluptatem. Quisquis enim sentit, quem ad modum sit affectus.",6
71,364,PN1832/33/39,Jinan University,"Stultorum vitam cum sua comparat, magna afficitur.",WUR-0435-B,TGW-4384,NQV-1372-SW,2024-06-11 21:01:20,2024-11-08 03:46:27,/etsi/potius.yml,"Gravissimis rebus non delectet eos sermo patrius, cum idem.",7
72,926,LH1207/66/37,Ecole Française de Papeterie et des Industries Graphiques,"Hoc institutionem omnino amicitiae non posse reperiri. Quapropter si ea, quae.",HFO-6288-F,CAD-3764,BXY-4387-UJ,2024-08-04 03:21:48,2024-03-21 11:29:35,/mors/sensu/careat/homini.keystore,"Natum sit, voluptatem appetere eaque gaudere ut summo bono, dolorem.",7
73,881,TU3432/80/89,Kyoto Sangyo University,"Beate vivendum sapientia comparaverit, nihil esse.",IPJ-4004-R,TPI-5271,CIJ-0868-ZL,2024-07-31 08:40:54,2025-01-25 00:08:19,/liberabuntur/istae/enim/vestrae/eximiae/quos.p12,"Physicis nec ea ipsa, quae ab illo inventore veritatis.",10
74,981,HO0040/88/76,University of St. Andrews,"Quidem videtur. Ac fieri potest, ut errem, sed ita prorsus existimo, neque eum Torquatum.",OTG-7742-V,TGW-4384,VAE-2036-BE,2025-01-08 01:48:56,2024-06-17 14:52:16,/patre/audiebam/facete/et/urbane/restincto.rtf,"Bello animadversionis metu contineret, saluti.",10
75,804,PI7021/27/93,Ecole Nationale Supérieure d'Electronique et de Radioelectricite de Grenoble,"Illaberetur, nec manus esse contenta posset nec ulla pars.",LQK-8929-I,VSD-3182,FEL-7747-TF,2024-04-13 12:41:58,2024-12-19 09:28:44,/possumus/quam/ob/illis.mdb,Existimo. Quamquam philosophiae quidem vituperatoribus satis responsum est eo libro.,2
76,641,FP9247/91/28,University of Holy Quran and Islamic Siences,"Autem tanta ex improbis factis ad minuendas vitae molestias accessio potest fieri, quanta ad.",IDZ-1589-J,TGW-4384,PWJ-7809-SV,2024-02-15 19:23:34,2024-12-26 20:23:11,//torquem/utinam.mp4,Esse bonorum eum voluptate vivere. Huic certae stabilique sententiae.,2
77,599,NO9350/14/74,Georg-Simon-Ohm-Fachhochschule Nürnberg,Dolore eu fugiat nulla pariatur. Excepteur.,TBB-1730-V,KYY-5395,ZKM-5945-OO,2024-09-27 08:43:25,2024-09-28 03:20:54,/epicuro/scriptum/est/et/leniter.aspx,"Virtus et cognitio rerum, quod minime.",6
78,450,PW3057/59/67,Johns Hopkins University,"Scripta dicunt contemnere. In quibus hoc primum est in voluptate ponit, quod summum bonum.",JOO-6034-M,CAD-3764,ERE-9986-BS,2024-06-18 15:31:25,2024-09-07 13:35:24,/inanitate/omni/cupiditates.gpg,"Morborum aliquo laborat, nemo igitur est difficilius satis facere.",3
79,706,WC3345/94/48,Universidad Autónoma Metropolitana - Azcapotzalco,"Dolere. Sed ut perspiciatis, unde omnis iste natus error sit.",VPN-8766-R,TGW-4384,EFZ-1842-DM,2024-11-14 23:56:59,2024-05-24 23:57:31,/tradidisse/quae/pertinerent/ad/quae.wmv,"Eaque gaudere ut summo bono, dolorem aspernari ut summum.",9
80,425,KL4536/86/20,Lyceum of the Philippines University,"Ut omnes bene sanos in viam placatae, tranquillae, quietae, beatae vitae dicta.",MHW-8338-H,KYY-5395,XJQ-6992-KE,2024-10-07 15:21:09,2024-04-18 18:51:30,/id/reprehendunt/si/remissius/agatur/suo.rpm,Constringendos nec quid eventurum sit provident ob eamque causam.,7
81,284,FT4348/26/73,Hyogo University,"Et metus et aegritudines ad dolorem referuntur, nec praeterea est res ulla.",XCO-0130-M,TGW-4384,JCZ-6236-RJ,2024-10-21 07:43:25,2025-01-08 18:47:45,/neque/depravate/iudicant/neque/corrupte/et.jsp,Illa ingenia transferrem. Sed id neque feci.,8
82,349,HQ0699/93/51,Universidad de Colima,Hanc ego cum teneam sententiam.,PCC-5689-A,TPI-5271,LFF-2548-SY,2024-04-21 05:29:58,2024-08-05 12:45:30,/ut/omittam/pericula/labores/occultum.mp4,"Ista sequimur, ut sine cura metuque vivamus animumque et corpus, quantum efficere possimus, molestia.",10
83,71,LN8133/94/79,Universidad Tecnologica de la Mixteca,"Rebus non delectet eos sermo patrius, cum idem fabellas Latinas.",JMJ-6749-R,VSD-3182,ZAO-2974-UA,2024-05-22 01:23:32,2024-02-04 14:16:15,/neglegit/mortem/de/diis/nonne.torrent,"Varias reprehensiones incurreret. Nam quibusdam, et iis servire, qui vel utrisque litteris.",1
84,256,XQ6036/63/33,Universidad de Panamá,"Tolerabiles sint, feramus, si minus, animo aequo e vita, cum ea non placeat.",JIG-5820-J,VSD-3182,FHO-4935-JU,2024-08-12 14:17:32,2024-10-15 16:57:55,/tam/nostrum.pptx,Pronuntiaret eum non talem videri fuisse in imperio.,1
85,764,RB3871/78/95,Kuban State University of Technology,"Cives mei, nec cum istis tantopere pugnare, qui Graeca legere malint, modo legant.",EEH-1094-L,KYY-5395,PWW-1707-QJ,2024-04-18 13:14:01,2024-05-11 11:52:10,/videatur/itaque/nec.msh,"Sine causa? Quae fuerit causa, mox videro; interea.",3
86,303,WP7596/20/21,Notre Dame College,"Graecam. Quando enim nobis, vel dicam aut oratoribus bonis aut poetis, postea.",KYN-4754-R,KYY-5395,BVK-2649-QS,2024-07-13 05:15:16,2024-04-26 18:59:34,/hoc/quoque/angore.htm,"Cum dixisset, Explicavi, inquit, sententiam meam, et eo.",4
87,567,SN7632/49/04,Pepperdine University,Voluptatum adipiscendarum causa aut dolores suscipiantur maiorum dolorum effugiendorum gratia.,JRP-0470-N,CAD-3764,UBR-8037-JS,2024-02-15 02:33:14,2025-01-09 03:52:36,/aperiri/altera/prompta/nobis.ps1xml,"Provident, similique sunt in culpa, qui officia deserunt.",2
88,943,YU4197/75/47,Lancaster Bible College,"Ita ferri, ut concursionibus inter se reprehensiones non sunt.",CSM-2873-V,TPI-5271,QRM-3134-DH,2024-03-06 08:16:29,2024-09-22 08:02:09,/nec/patientia/nec/assiduitas/nec/defuit.html,"Tale metuamus. Iam illud quidem perspicuum est, maximam animi aut voluptatem aut molestiam plus.",8
89,134,RB9304/49/35,Sookmyung Women's University,"Sic eam firme graviterque comprehenderit, ut omnes bene sanos in viam.",DQX-3616-B,TPI-5271,NGO-2919-LU,2024-03-16 14:16:03,2024-11-14 00:02:59,/non/solum/praesentibus/fruuntur/morbi.odp,"Severitatem in eo essent. Quae cum dixisset, Explicavi, inquit, sententiam meam.",8
90,937,XQ6409/03/76,Universidad Pedagógica Experimental Libertador,Utrumque et ortum esse e corpore et.,DVC-9421-L,TPI-5271,UEJ-2060-NI,2024-04-20 10:21:00,2024-07-31 10:34:04,/allicit/quod/ita/institutionem.wma,"Vivi, nisi sapienter, honeste iusteque vivatur, nec sapienter.",8
91,585,ZR6811/32/52,Lambuth University,Esse et voluptates repudiandae sint et molestiae.,PYZ-2647-W,TGW-4384,NGP-9633-ZS,2024-06-15 01:06:29,2024-03-05 15:35:15,/commodo/consequat/duis/aute/suaviter.yml,"Sunt. Praeclare enim Epicurus his paene verbis: 'Eadem', inquit, 'scientia confirmavit.",9
92,960,EG6707/72/83,Catholic University in Ružomberok,"Nostris de amicitia disputatum. Alii cum eas voluptates, quae ad quietem et ad.",KTA-1117-C,TPI-5271,XWF-6826-TO,2024-12-08 20:00:26,2024-11-05 01:05:35,/cognitio/rerum/autem.aac,"Sunt tota Democriti, atomi, inane, imagines.",7
93,733,QJ3854/08/36,Ch. Charan Singh University,"Ego assentior, dum modo de isdem rebus ne Graecos.",GNA-7520-U,TGW-4384,JVQ-2941-QZ,2024-10-13 21:51:02,2024-07-12 06:20:35,/posse/quam/ex/hoc/percipiatur/ea.asc,"Timentis, quod mors sensu careat, dolor in longinquitate levis, in gravitate brevis soleat esse.",3
94,320,NZ1185/49/67,University of Kurdistan - Hawler,"Sit inter doctissimos summa dissensio, quis alienum putet eius esse dignitatis, quam.",FXX-5239-Y,KYY-5395,JRD-9182-ZY,2024-06-09 01:47:25,2024-10-20 07:02:14,/sensuum/iudicia/defendere/quicquid/expetendum.pfx,Graecis expressas non inviti legant. Quis enim.,10
95,198,GL6794/20/06,Pace University  Pleasantville/Briarcliff,Omnia deorsus e regione inferiorem locum petentium sine.,ODR-7298-F,TPI-5271,CGA-4438-YG,2024-12-27 06:58:52,2024-07-12 05:38:29,/in/rebus/aut/dicam.html,Eos censes aut in dolore. Omnis autem privatione doloris putat Epicurus.,3
96,161,SO2048/77/77,Adamson University,"Si voluptas summum sit bonum, affirmatis nullam omnino fore. De qua omne.",GUI-0848-E,KYY-5395,OAU-3689-TM,2024-08-13 00:35:41,2024-08-04 13:10:35,/mihi/sunt/voluptati/placet.svg,"Autem, quod tenere atque servare id, quod sentiant.",8
97,443,EP7427/32/88,University of Virginia,"Laudatur, industria, ne fortitudo quidem, sed ista sequimur.",DNI-0720-D,CAD-3764,RJS-9736-RO,2024-05-02 20:07:44,2024-04-21 09:50:52,/non/satisfacit/insolens.htm,"Igitur vera ratio bene sanos in viam placatae, tranquillae, quietae.",9
98,652,QD4884/25/22,Fine Arts Academy in Poznan,"Senserit ille, tibi non vera videantur. Vide, quantum, inquam, fallare, Torquate.",DDS-4115-A,TPI-5271,KAB-5547-WO,2025-01-24 19:33:29,2024-05-23 20:47:04,/sensu/iudicari/in.mp4,Ut aliquip ex ea commodo consequat. Duis aute irure dolor in.,3
99,598,TF6793/60/46,Kyungsung University,Concordia quadam placet ac leniat. Temperantia.,TVI-6735-Q,VSD-3182,KNF-0351-GP,2024-05-01 19:11:57,2024-06-09 12:01:47,/modo/efficiatur/concludaturque/ratio/populo.odg,"Imperitorum intellegaturque ea, quae voluptaria, delicata, mollis habeatur disciplina, quam gravis.",3
100,483,CY3987/15/87,Dire Dawa University,Nobis iniucundus labor. Iis igitur est.,PRF-1744-M,KYY-5395,QXN-4283-VN,2024-12-30 18:43:33,2024-05-24 20:07:47,/eam/causam/non/multo/maiores/ultima.xls,Sublata cognitione et scientia tollitur omnis ratio et vitae.,4
